{"cameraMode":{"drawMode":0,"name":"Shaded","section":"Shading Mode"},"sceneLighting":false,"audioPlay":false,"sceneViewState":{"m_AlwaysRefresh":false,"showFog":true,"showSkybox":false,"showFlares":true,"showImageEffects":true,"showParticleSystems":true,"showVisualEffectGraphs":true,"m_FxEnabled":true},"in2DMode":false,"pivot":{"x":-10.366999626159668,"y":0.9741734266281128,"z":-4.851463317871094},"rotation":{"x":0.010028633289039135,"y":0.8024007678031921,"z":-0.013489368371665478,"w":0.5965510606765747},"size":1.828299880027771,"orthographic":false}