{"cameraMode":{"drawMode":0,"name":"Shaded","section":"Shading Mode"},"sceneLighting":false,"audioPlay":false,"sceneViewState":{"m_AlwaysRefresh":false,"showFog":true,"showSkybox":false,"showFlares":true,"showImageEffects":true,"showParticleSystems":true,"showVisualEffectGraphs":true,"m_FxEnabled":true},"in2DMode":false,"pivot":{"x":5.960464477539063e-8,"y":1.5288002490997315,"z":0.006000012159347534},"rotation":{"x":-0.0051864515990018848,"y":0.6925175786018372,"z":0.004980414640158415,"w":0.7213677763938904},"size":1.0957465171813965,"orthographic":false}